{"self_0": [27.126352373039122, 37.87364762481385], "self_1": [32.09947837109817, 32.900521626754795], "self_2": [38.27416925264217, 26.725830745210807], "popular_beater": [27.96546025890472, 37.03453973894827], "anti_popular_beater": [31.247674450184714, 33.75232554766826], "pattern_matching_1": [34.98705773275194, 30.012942265101024], "pattern_matching_2": [37.07796067480718, 27.922039323045794], "pattern_matching_3": [34.993303623731364, 30.006696374121596], "pattern_matching_4": [32.14951437669045, 32.850485621162534], "pattern_matching_5": [34.19705113485709, 30.802948862995894], "pattern_matching_6": [31.768114971062293, 33.23188502679069], "pattern_matching_12": [32.3803387665565, 32.61966123129647], "pattern_matching_22": [30.71663502348909, 34.283364974363884], "pattern_matching_32": [31.893028098995128, 33.10697189885787], "pattern_matching_42": [42.197950464207544, 22.802049533645423], "pattern_matching_52": [28.374208764785056, 36.62579123306792], "pattern_matching_62": [33.16042330557975, 31.839576692273223]}